timestamp,tx_hash,collection,contract,token_id,proceeds_eth,payment_assets
2021-05-23T05:44:18+00:00,0x69ac0b288e478c87c35687a5268de663b543957eeca4c7f3c36cebdac7ae4a9a,CryptoTrunks,0x375ea781c49eafedde07afe6196f885761f166ae,6827,0.04625,"[('ETH', 0.04625)]"
2021-05-23T06:48:33+00:00,0x142a4841db6ef834f199b978f641c089ee15ceb798a32c4671072a005d34c14d,CryptoTrunks,0x375ea781c49eafedde07afe6196f885761f166ae,6606,0.13635446756473923,"[('ETH', 0.13635446756473923)]"
2021-05-24T20:38:26+00:00,0x2219c240a5b4c5c8e8552c40c711edb4e310458323e1028ef649e9d92717c31d,CryptoTrunks,0x375ea781c49eafedde07afe6196f885761f166ae,9650,0.08325,"[('ETH', 0.08325)]"
2021-05-29T14:55:40+00:00,0xdc4792e87ec67250661c8f2a5f6f6497e0907d5c27e9bc6fd756858eb9c6dc56,CryptoTrunks,0x375ea781c49eafedde07afe6196f885761f166ae,9234,0.05,"[('WETH', 0.05)]"
2021-08-08T08:13:52+00:00,0x76b8adae9457494aadcd6a42d055cdf34bd68c7a3639d7c4db12810f067c87e2,CryptoTrunks,0x375ea781c49eafedde07afe6196f885761f166ae,763,0.24125,"[('ETH', 0.24125)]"
2021-11-13T21:27:22+00:00,0xe512a240db39d9a084da62f7658573078d7868511849827e6aeebdfb74740c83,Smilesss,0x177ef8787ceb5d4596b6f011df08c86eb84380dc,307,0.2506,"[('ETH', 0.2506)]"
2021-11-16T18:37:20+00:00,0x1f5228d4b2eb323b13e82a53e6a13658312c0173fe5042a1fca00b15aa2da12c,Smilesss,0x177ef8787ceb5d4596b6f011df08c86eb84380dc,4188,0.42602,"[('ETH', 0.42602)]"
2021-11-18T01:33:46+00:00,0xcd40bf2b9d29a42f0a593b9969d5c2e965ed7a4d097f305a748c8098960aea52,Smilesss,0x177ef8787ceb5d4596b6f011df08c86eb84380dc,7235,1.253,"[('ETH', 1.253)]"
2021-11-24T03:48:51+00:00,0xd3bcae3442c2b69324b93b17e5ac54220293c19e3aa4e14db6426ff1bc154d58,The Wild Bunch,0xe9a1a323b4c8fd5ce6842edaa0cd8af943cbdf22,3886,0.185,"[('ETH', 0.185)]"
2021-11-30T03:56:37+00:00,0xb2ff57bda261638f1381ee2515d78b67579611f337ba76dbc870872f116244d4,The Wild Bunch,0xe9a1a323b4c8fd5ce6842edaa0cd8af943cbdf22,3887,0.082325,"[('ETH', 0.082325)]"
2022-01-10T20:29:54+00:00,0x7f86a7cfc7a4c9bd5475c141aa1cf86f3871ae879177fcec2acaaf1690ef07a4,ChubbyKaijuDAO,0x65b28ed75c12d8ce29d892de9f8304a6d2e176a7,8505,0.1215,"[('ETH', 0.1215)]"
2022-01-10T20:49:13+00:00,0x33d026f50542e43aa658f35d7782ca131dd8beafd2cc9aaff70da35b429e0638,ChubbyKaijuDAO,0x65b28ed75c12d8ce29d892de9f8304a6d2e176a7,3713,0.144,"[('ETH', 0.144)]"
2022-01-10T21:38:43+00:00,0x4f2a69e1d0e524ec2906b42e04067d8eb889913cc142076d316aedbbadfda9c5,ChubbyKaijuDAO,0x65b28ed75c12d8ce29d892de9f8304a6d2e176a7,3992,0.1971,"[('ETH', 0.1971)]"
2022-01-13T18:44:36+00:00,0x84072e35e3e98d11886b0de54d927c903a954966163621e2507491fa8f17b6a8,Chains NFT,0x9b293020d3802c80b023d4b6965ab5e59bc971e2,5641,0.115455,"[('ETH', 0.115455)]"
2022-01-13T22:59:11+00:00,0x490723fb23a33a633db8896f0096c210c995ce9f8bfdb6ba2b6c9024417de4ea,Chains NFT,0x9b293020d3802c80b023d4b6965ab5e59bc971e2,5639,0.31325,"[('ETH', 0.31325)]"
2022-01-16T19:11:07+00:00,0x7e2ff5c3639f0cefc405ea5d7f7f4b27ade5ef18b7cd5eee7c9517637c155d40,Chains NFT,0x9b293020d3802c80b023d4b6965ab5e59bc971e2,5638,0.08771,"[('ETH', 0.08771)]"
2022-01-17T11:12:17+00:00,0xbd2d1267d3d85d58c6ad18d0543594626a1d780520cae029207fbb710be41442,Chains NFT,0x9b293020d3802c80b023d4b6965ab5e59bc971e2,5640,0.085025,"[('ETH', 0.085025)]"
2022-01-24T19:33:51+00:00,0x780351fde2aa82259a32408d637dbd66193c724ffdf6c9178df389493dbee08a,Society of Derivative Apes,0xb184b9414e7d7c436b7097ed2c774bb56fae392f,4478,0.1086,"[('ETH', 0.1086)]"
2022-01-25T01:27:55+00:00,0xe6390dad01adab98377dfc572d0a47ee508fda3f588b7775dd127b2ed0e11313,WVRPS by Warpsound,0xcbc67ea382f8a006d46eeeb7255876beb7d7f14d,9437,0.21275,"[('ETH', 0.21275)]"
2022-01-25T03:16:46+00:00,0xd472d22cc231a1a6b13efe40fa786e43ebed609fafa780edc85504bd937b8560,Dead Army Skeleton Klub,0x19d84b2a4b21910339af097a1bddb48682d6f47d,3214,0.2490594,"[('ETH', 0.2490594)]"
2022-01-25T07:06:50+00:00,0x5db8017f8b0c83beab12bd4462083a3bc2c200950ff9ac557fb948b53c5c12e1,Dead Army Skeleton Klub,0x19d84b2a4b21910339af097a1bddb48682d6f47d,4459,0.2581194,"[('ETH', 0.2581194)]"
2022-01-25T07:16:17+00:00,0x7e8f87a139eb6e2d6f304ce960b3e0f443c106f0205d1f37636046b9d0fa1cfb,Dead Army Skeleton Klub,0x19d84b2a4b21910339af097a1bddb48682d6f47d,4456,0.2581194,"[('ETH', 0.2581194)]"
2022-01-25T15:26:26+00:00,0x8b4c82da2cca66ac6ff45073ead0cf6b00ef08e5758dcff1ab8b44499313d41e,Killer GF,0x6be69b2a9b153737887cfcdca7781ed1511c7e36,3713,1.497825,"[('ETH', 1.497825)]"
2022-01-29T02:50:39+00:00,0x44ba236e3e53599747ceb0e300db7449a01767b815f8eb3ddadf791b0e41ec89,Ascended NFT,0x496299d8497a02b01f5bc355298b0a831f06c522,8417,0.1184,"[('ETH', 0.1184)]"
2022-01-29T02:54:51+00:00,0x18291ebba025a56a766ba186e86df8a06bb082f01d64371b63ba2fa9adcf4c87,The Wild Bunch,0xe9a1a323b4c8fd5ce6842edaa0cd8af943cbdf22,3890,3.5,"[('WETH', 3.5)]"
2022-01-29T10:56:01+00:00,0x53cd8a64bb9553eb72ca6beb074a4c5c512db80b68137e156147e500ad866105,Killer GF,0x6be69b2a9b153737887cfcdca7781ed1511c7e36,389,2.63655,"[('ETH', 2.63655)]"
2022-01-29T11:24:23+00:00,0x0e6b8f7c76408ebfc81968d3b1ee7409f3acca1673730576591c136d19e3d0b8,Kaiju Queenz,0x413d4f3e116bc364e4799f2e7137029c41563cd5,3241,0.02745,"[('ETH', 0.02745)]"
2022-01-29T21:51:50+00:00,0x3ae9d2ab6f9053efba4dcc1c0b86be1df287d821f757c917c7b64f5cc538bd30,Ascended NFT,0x496299d8497a02b01f5bc355298b0a831f06c522,2002,0.113775,"[('ETH', 0.113775)]"
2022-01-29T22:01:47+00:00,0xdb5995bf41e58b7aa5212fbe58698922c8fdcefcf7724533b4d3ce9421463fbb,Ascended NFT,0x496299d8497a02b01f5bc355298b0a831f06c522,933,0.111,"[('ETH', 0.111)]"
2022-01-29T22:18:02+00:00,0x4656e6a3fc1eb4287febde7b592d0ef6c86cb1086d273d09ec40097feb4eeb3a,Ascended NFT,0x496299d8497a02b01f5bc355298b0a831f06c522,3966,0.10915,"[('ETH', 0.10915)]"
2022-03-21T05:30:13+00:00,0x53c7bc97453b10d3586d8f6a8f709c2eba5a2da90f1a9ccea7ec9311851a2ea2,Ascended NFT,0x496299d8497a02b01f5bc355298b0a831f06c522,6610,0.0925,"[('ETH', 0.0925)]"
2022-04-18T07:05:12+00:00,0x8c008f4d80554e2cec49c4065d94632f853817c5c3faa58b805830f7c92e7496,Killer GF,0x6be69b2a9b153737887cfcdca7781ed1511c7e36,5166,0.22491,"[('ETH', 0.22491)]"
2022-10-02T15:58:59+00:00,0x93190edc7a8f2fd32a3c6193ef73de8a88fd4592ff7b00cf2e293ea1837d47b6,Kitaro World,0x7df64f69544c5bf71171dc5ab69b8602c2ff1e27,7385,0.1265193,"[('ETH', 0.1265193)]"
2022-10-03T01:52:23+00:00,0x0e8d0a74c2fcff45a79d2fd1ac9d6a0211d639359ab7867c1ed500b69fe9a1a1,Kitaro World,0x7df64f69544c5bf71171dc5ab69b8602c2ff1e27,3132,0.188433,"[('ETH', 0.188433)]"
2022-10-03T14:33:59+00:00,0xb6dde5b5939c421c18e09bedc8bf75a54d3d8f89f921831a60db904995e8a6ec,Kitaro World,0x7df64f69544c5bf71171dc5ab69b8602c2ff1e27,7104,0.2575251,"[('ETH', 0.2575251)]"
2022-10-03T17:50:35+00:00,0x927362f956c068556071f3f14192d055df764d43b10b00914eb333fa151f19c3,Kitaro World,0x7df64f69544c5bf71171dc5ab69b8602c2ff1e27,2670,0.305082,"[('ETH', 0.305082)]"
2022-10-03T18:24:23+00:00,0xa4c148ab7c2b402cbec82f8abebad9a1d19a0b2b84bbab0dc2e69b61c270a2bc,Kitaro World,0x7df64f69544c5bf71171dc5ab69b8602c2ff1e27,2180,0.4172445,"[('ETH', 0.4172445)]"
2022-10-20T01:15:23+00:00,0x0cf46dc8091dba63b4fffb877492ffcd3dd802f8765a9748b659079cf6f55e8e,poobs,0x0bf3cf7960ad8827c75d821f4b3353af8d4fbca4,321,0.026919,"[('ETH', 0.026919)]"
2022-10-20T01:43:11+00:00,0xf7ab0dbf9058327886c093db375547020ab24f3f51b613b1a90eb9230c7c5100,poobs,0x0bf3cf7960ad8827c75d821f4b3353af8d4fbca4,4445,0.026919,"[('ETH', 0.026919)]"
2022-10-20T05:35:23+00:00,0xb929d3c6ee815acdc62fc9554687c61bb71778f84fe8caccb71d0fd30ebf694e,CornTown,0xbd5fb504d4482ef4366dfa0c0edfb85ed50a9bbb,6397,0.04482,"[('ETH', 0.04482)]"
2022-10-20T14:27:35+00:00,0xe1c31066874637598c5dfd093a0876f4d047f08eccbe0bce263efd07c5de743f,poobs,0x0bf3cf7960ad8827c75d821f4b3353af8d4fbca4,5266,0.026919,"[('ETH', 0.026919)]"
2022-10-20T16:25:11+00:00,0xa50020ed8c4b221c8fe89215676bb20b309c549dff1d0c117d07182b96ae60e0,CornTown,0xbd5fb504d4482ef4366dfa0c0edfb85ed50a9bbb,2359,0.04491,"[('ETH', 0.04491)]"
2022-10-20T21:33:47+00:00,0xa7ea47110b13dbb34c431234da3d9b8d941666517a624a05e2fc9fd5c1e8bd5f,CornTown,0xbd5fb504d4482ef4366dfa0c0edfb85ed50a9bbb,3393,0.04491,"[('ETH', 0.04491)]"
2022-10-20T22:41:23+00:00,0xbce3ba65310207ab5c381a32e56b24625b9d43deee821a4b001b4c4e6d201146,CornTown,0xbd5fb504d4482ef4366dfa0c0edfb85ed50a9bbb,8471,0.05841,"[('ETH', 0.05841)]"
2022-10-20T23:12:59+00:00,0x87c05fc9b5981f2f222d363427fd45c2b7c7c6905739bd2d682ceaa28f7f67d5,CornTown,0xbd5fb504d4482ef4366dfa0c0edfb85ed50a9bbb,725,0.0639,"[('ETH', 0.0639)]"
2022-10-20T23:39:47+00:00,0x9e53fda3225ab624325f888a7ef5476b759c62d974fe4d8141d48e18ab884cff,CornTown,0xbd5fb504d4482ef4366dfa0c0edfb85ed50a9bbb,8040,0.045,"[('ETH', 0.045)]"
2023-01-22T14:01:59+00:00,0xda01be93578402c3a0bf5e66566f0d69713268b066111b27f9399256f57abf5e,Killer GF,0x6be69b2a9b153737887cfcdca7781ed1511c7e36,3342,0.12285,"[('ETH', 0.12285)]"
