timestamp,tx_hash,protocol,direction,collection,contract,token_id,price_eth
2021-11-12T20:17:28+00:00,0xeefb41c0c9513fcfb88005570933d40d59cf722f26fbe2e382e47a74662dc11f,Wyvern,buy,Smilesss,0x177ef8787ceb5d4596b6f011df08c86eb84380dc,307,0.4
2021-11-12T23:45:11+00:00,0x0e1b17734bf5b917c3394928e573df9fedfb878905e64d5b8d5a5b507969be63,Wyvern,buy,Smilesss,0x177ef8787ceb5d4596b6f011df08c86eb84380dc,8069,0.34
2021-11-13T21:38:30+00:00,0xbbe701723a8768944a2cfa39428308b29ef9ed012463290e6c9fcc8a785eaaf7,Wyvern,buy,Smilesss,0x177ef8787ceb5d4596b6f011df08c86eb84380dc,4188,0.605
2021-11-14T23:12:04+00:00,0x5467aa751804d3a01a30ea0026bcb5a464869a4f5992698372ae77d417fba93d,Wyvern,buy,Smilesss,0x177ef8787ceb5d4596b6f011df08c86eb84380dc,6873,0.35
2021-11-17T01:57:33+00:00,0x3d7bb5fcaf5f60f969796042c0e225dfed99d794045c63888f723cfdf4b66618,Wyvern,buy,Smilesss,0x177ef8787ceb5d4596b6f011df08c86eb84380dc,112,0.31
2021-11-17T13:53:14+00:00,0x5ffecde9c9f90ad856d50cc4afeb217254d5206eaab6c323d1a3de4314fe76d2,Wyvern,buy,Smilesss,0x177ef8787ceb5d4596b6f011df08c86eb84380dc,7235,0.65
2021-11-24T19:19:28+00:00,0xd1022894f69484cadd18a239d33c28105b1f00891c33a97b464c9bcf3c4d456a,Wyvern,buy,Society of Derivative Apes,0xb184b9414e7d7c436b7097ed2c774bb56fae392f,4478,0.34
2022-01-04T16:33:41+00:00,0xcc1863c1ca6a22b16eff89e0c9be3f39c712eb0d71bdfaf1747c5c493b9c31bd,Wyvern,buy,Illuminati,0x26badf693f2b103b021c670c852262b379bbbe8a,7563,0.65
2022-01-08T14:50:54+00:00,0x8a862b3447307666a4ae10af6c5aae56e93e08b3aec38bbe5c35925bcc39f4c0,Wyvern,buy,The Space Bulls,0x07a8ba3f4fd4db7f3381c07ee5a309c1aace9c59,7747,0.348
2022-01-08T14:51:28+00:00,0xff955bfef5b7e31812dee9a6b4a404018071a5d3ef00379eb52f7e1fa11f6c63,Wyvern,buy,The Space Bulls,0x07a8ba3f4fd4db7f3381c07ee5a309c1aace9c59,3189,0.345
2022-01-09T15:34:26+00:00,0xc830bd43a3b2f4e19473685063e5600cae16594fda4a11390e5dce082cf83a51,Wyvern,buy,ChubbyKaijuDAO,0x65b28ed75c12d8ce29d892de9f8304a6d2e176a7,3713,0.29
2022-01-09T15:34:26+00:00,0xc830bd43a3b2f4e19473685063e5600cae16594fda4a11390e5dce082cf83a51,Wyvern,buy,ChubbyKaijuDAO,0x65b28ed75c12d8ce29d892de9f8304a6d2e176a7,3992,0.29
2022-01-10T20:12:44+00:00,0x96f1f8dab7bac1e7cd300c65faca94166b4ce268368c769fab040691ac13d3ee,Wyvern,buy,ChubbyKaijuDAO,0x65b28ed75c12d8ce29d892de9f8304a6d2e176a7,8505,0.1888
2022-01-14T04:03:04+00:00,0x3db258d56189e4a522f3fc9c75990c78be527524afa8002a5f7b938d2d61cff0,Wyvern,buy,OxyaOriginProject,0xe106c63e655df0e300b78336af587f300cff9e76,3390,1.2
2022-01-19T02:22:13+00:00,0x418b28fe29b1d5e83e2e76e5adbf4e2bd8f0a4c1669dd6d588e79700e0bf5631,Wyvern,buy,Kaiju Queenz,0x413d4f3e116bc364e4799f2e7137029c41563cd5,3240,0.09
2022-01-19T02:22:13+00:00,0x418b28fe29b1d5e83e2e76e5adbf4e2bd8f0a4c1669dd6d588e79700e0bf5631,Wyvern,buy,Kaiju Queenz,0x413d4f3e116bc364e4799f2e7137029c41563cd5,3241,0.09
2022-01-20T01:37:01+00:00,0x71cc0dc311c30e37db49aa5bbd3d0762e1e54982b10e024007c3918285648801,Wyvern,buy,WVRPS by Warpsound,0xcbc67ea382f8a006d46eeeb7255876beb7d7f14d,9437,0.429
2022-01-22T14:15:05+00:00,0x4534c3b87e76508ee44e2a4df62cfd8682cd54830ca7c15fe03fb37d6eba21db,Wyvern,buy,Dead Army Skeleton Klub,0x19d84b2a4b21910339af097a1bddb48682d6f47d,3214,0.2
2022-01-22T14:15:05+00:00,0x4534c3b87e76508ee44e2a4df62cfd8682cd54830ca7c15fe03fb37d6eba21db,Wyvern,buy,Dead Army Skeleton Klub,0x19d84b2a4b21910339af097a1bddb48682d6f47d,4456,0.2
2022-01-22T14:15:05+00:00,0x4534c3b87e76508ee44e2a4df62cfd8682cd54830ca7c15fe03fb37d6eba21db,Wyvern,buy,Dead Army Skeleton Klub,0x19d84b2a4b21910339af097a1bddb48682d6f47d,4459,0.2
2022-01-25T07:22:59+00:00,0x1d5fab889ba3b94aeb5510157846183e76e587746eb7351ee01e991d64dca537,Wyvern,buy,Killer GF,0x6be69b2a9b153737887cfcdca7781ed1511c7e36,3713,0.85
2022-01-25T15:47:10+00:00,0x2c07532fa45439296ffb44bb195f045b13dba053a575b050da73ae6159edb85c,Wyvern,buy,Killer GF,0x6be69b2a9b153737887cfcdca7781ed1511c7e36,442,1.52
2022-01-27T05:05:53+00:00,0xd3cc41e49fe0b86efbae5bcfa18a6f4c5c4503ce5497e3185bc3b594a3bb50c2,Wyvern,buy,Ascended NFT,0x496299d8497a02b01f5bc355298b0a831f06c522,1756,0.21
2022-01-27T07:13:45+00:00,0x7642807354631d27e7e1c2eec40463133461408e92132331fb65d32f95932217,Wyvern,buy,Ascended NFT,0x496299d8497a02b01f5bc355298b0a831f06c522,933,0.2
2022-01-27T07:22:35+00:00,0x94810bf05dcbf50b230073727d0727bceff7a51b03f20bc590fcdb6ab5b2c989,Wyvern,buy,Ascended NFT,0x496299d8497a02b01f5bc355298b0a831f06c522,3966,0.194
2022-01-27T07:28:25+00:00,0x9c5134cc471d22b31297e17741fa989cc7b7772c9e78f6093cdf0e86dad54a90,Wyvern,buy,Ascended NFT,0x496299d8497a02b01f5bc355298b0a831f06c522,6615,0.244
2022-01-27T07:39:59+00:00,0x55c58b25ec5b27b1e04b5e485f8e0022df369b15544f42f4cae4d0da05f97764,Wyvern,buy,Ascended NFT,0x496299d8497a02b01f5bc355298b0a831f06c522,6610,0.249
2022-01-27T07:45:14+00:00,0x35a45c400022ac9734b642a539dbc47044f6e8835ee8238dda272cda6b380480,Wyvern,buy,Ascended NFT,0x496299d8497a02b01f5bc355298b0a831f06c522,2002,0.2
2022-01-27T13:28:42+00:00,0xe50eaecd758844ab27569fadbe973df9efd59e8504e327b033fd30dad92732df,Wyvern,buy,Ascended NFT,0x496299d8497a02b01f5bc355298b0a831f06c522,5467,0.155
2022-01-27T13:30:01+00:00,0xbba6ea4c7f258fd123bcfa06aaffc2f4cb67b150d75dc8432f7bc6b1d13d6863,Wyvern,buy,Ascended NFT,0x496299d8497a02b01f5bc355298b0a831f06c522,8417,0.14
2022-01-27T13:41:16+00:00,0xe462d4a0a360a12979da22519fb1686102cb3a6c363939d2378dfb7ba12abc4e,Wyvern,buy,Ascended NFT,0x496299d8497a02b01f5bc355298b0a831f06c522,5836,0.165
2022-01-29T03:00:19+00:00,0xcde637c7ee2933ea479b353bb6b574afaed48fed61ebb36ceb7158282f6e94aa,Wyvern,buy,Killer GF,0x6be69b2a9b153737887cfcdca7781ed1511c7e36,2642,1.68
2022-01-29T09:43:55+00:00,0xc37423aa2a0e56b4403eb2e979920007d8516ddeda919dbce82d2b4a63411604,Wyvern,buy,Killer GF,0x6be69b2a9b153737887cfcdca7781ed1511c7e36,389,2.4
2022-01-29T11:13:02+00:00,0x5c210a4018119c70ff30bc53e690281079ca1c5ecee9bb77007c1afbace2ee80,Wyvern,buy,Killer GF,0x6be69b2a9b153737887cfcdca7781ed1511c7e36,3342,2.59
2022-01-29T22:21:47+00:00,0xb4ff47eb716de03998ca82df4aa0257a20a50a1ca0325454b31a81405874d9e0,Wyvern,buy,Killer GF,0x6be69b2a9b153737887cfcdca7781ed1511c7e36,5166,2.14
2022-10-02T07:14:11+00:00,0x77c6214e2c6a909f3af68f95ef29956d15b4400b59bfdde74d27beb0f49444c5,Seaport,buy,Kitaro World,0x7df64f69544c5bf71171dc5ab69b8602c2ff1e27,7385,0.09
2022-10-02T07:21:35+00:00,0x05de908347a42121b0bd2cd1ee60733ff5df54495bbc4501eae8bcbbe242cdf7,Seaport,buy,Kitaro World,0x7df64f69544c5bf71171dc5ab69b8602c2ff1e27,7104,0.0899
2022-10-02T08:11:23+00:00,0xc3b64a95a4b8e342a2b129035e086dc3d6c97a303d89f08ad74fe9972f94877d,Seaport,buy,Kitaro World,0x7df64f69544c5bf71171dc5ab69b8602c2ff1e27,2180,0.12
2022-10-03T01:37:47+00:00,0x77ee688def9873406369ce20e54db22e45e9724280ead1f5cc8d11d012f5ba94,Seaport,buy,Kitaro World,0x7df64f69544c5bf71171dc5ab69b8602c2ff1e27,3132,0.21
2022-10-03T02:11:11+00:00,0x275b3ae722f443b935d8f29e1b6d24733098d14ad9fb15ee4e1088e864ed8ef0,Seaport,buy,Kitaro World,0x7df64f69544c5bf71171dc5ab69b8602c2ff1e27,2670,0.199
2022-10-04T02:22:11+00:00,0xce74c5455a86a0bea53f13d669100a1108f2512a4acc4470415f16dc14324347,Seaport,buy,CornTown,0xbd5fb504d4482ef4366dfa0c0edfb85ed50a9bbb,6397,0.054
2022-10-04T02:28:35+00:00,0x7a6639400b7a934ab3276947ec39922b54db80f4ea03721245280e1f01ba880b,Seaport,buy,CornTown,0xbd5fb504d4482ef4366dfa0c0edfb85ed50a9bbb,8471,0.068
2022-10-04T02:31:23+00:00,0xd41b9c25eca1b649f83bc07dd9486a6f0890b5e70161d5262603ac2006c9ae7a,Seaport,buy,CornTown,0xbd5fb504d4482ef4366dfa0c0edfb85ed50a9bbb,8040,0.053
2022-10-04T02:34:59+00:00,0x35e2d05f2dd25f7079d7764ce83e7cdb5caedb023a78699bf4c7213da76c03f4,Seaport,buy,CornTown,0xbd5fb504d4482ef4366dfa0c0edfb85ed50a9bbb,3393,0.054
2022-10-04T02:35:47+00:00,0x4a25e57e4ec03ad3559bc57ae19a4ae5d66a32c310d67d73343a513205af8496,Seaport,buy,CornTown,0xbd5fb504d4482ef4366dfa0c0edfb85ed50a9bbb,725,0.0689
2022-10-04T02:48:23+00:00,0x877a7b75d5fa310ddea8fed16908b88733f55a9a396cac94da8eeca4d3c4875c,Seaport,buy,CornTown,0xbd5fb504d4482ef4366dfa0c0edfb85ed50a9bbb,2359,0.057
2022-10-04T03:23:35+00:00,0xc0df03528a189bdb237813d99ce3dac65ccca59eb005cdb4fe5b64268e7d4b1d,Seaport,buy,poobs,0x0bf3cf7960ad8827c75d821f4b3353af8d4fbca4,4328,0.088
2022-10-04T03:27:59+00:00,0x3c5b2f4c9355e854e77a2a8ed543280a4ca11fcaa84eb88dcda06a20feb7d793,Seaport,buy,poobs,0x0bf3cf7960ad8827c75d821f4b3353af8d4fbca4,321,0.1
2022-10-04T03:28:47+00:00,0x9d2ae6e1af722c8731787d376675f84aa7428572cbe8e86702d74631e8ce0b36,Seaport,buy,poobs,0x0bf3cf7960ad8827c75d821f4b3353af8d4fbca4,4445,0.087
2022-10-04T03:29:23+00:00,0x016087b68621c454959b5c03ce9d59498d0e14c8692631b922de6a07c2b952fc,Seaport,buy,poobs,0x0bf3cf7960ad8827c75d821f4b3353af8d4fbca4,5266,0.0835
2023-01-24T15:16:35+00:00,0x8a1581081d962ff20962f30d482e0ab35ebbf19974576fe8f5a790c9c9a258bb,Seaport,buy,TOSHIES,0x1562e3428ed1d6cdbdb1695cc505aba33ab4ea5e,4979,0.27
